{
  "bg": 139, 
  "temp": "absolute", 
  "snoozeBG": 107, 
  "recieved": true, 
  "predBGs": {
    "aCOB": [
      139, 
      142, 
      142, 
      141, 
      137, 
      133, 
      130, 
      128, 
      126, 
      124, 
      123, 
      122, 
      122, 
      122, 
      122, 
      123, 
      123, 
      124, 
      125, 
      126, 
      128, 
      129, 
      130, 
      131, 
      132, 
      133, 
      134, 
      135, 
      136, 
      136, 
      137, 
      138, 
      138, 
      139, 
      139, 
      139, 
      140
    ], 
    "IOB": [
      139, 
      134, 
      130, 
      126, 
      122, 
      118, 
      115, 
      113, 
      111, 
      109, 
      108, 
      107, 
      107, 
      107, 
      107, 
      108, 
      108, 
      109, 
      110, 
      111, 
      113, 
      114, 
      115, 
      116, 
      117, 
      118, 
      119, 
      120, 
      121, 
      121, 
      122, 
      123, 
      123, 
      124, 
      124, 
      124, 
      125
    ]
  }, 
  "reason": "COB: 4, Dev: -1, BGI: -4.54, ISF: 90, Target: 110; Eventual BG 107 < 110, 28m@-0.625 = -0.292 < req -0.06666666666666667-0.195", 
  "rate": 0.525, 
  "COB": 4, 
  "eventualBG": 107, 
  "timestamp": "2016-10-16T16:35:33.035118", 
  "duration": 30, 
  "tick": -4, 
  "IOB": 0.346
}