{
  "bg": 107, 
  "temp": "absolute", 
  "snoozeBG": 112, 
  "recieved": true, 
  "predBGs": {
    "IOB": [
      107, 
      106, 
      105, 
      104, 
      103, 
      102, 
      102, 
      102, 
      102, 
      102, 
      103, 
      103, 
      104, 
      106, 
      107, 
      108, 
      109, 
      110, 
      112, 
      113, 
      114, 
      115, 
      115, 
      116, 
      117, 
      118, 
      119, 
      119, 
      120, 
      121, 
      121, 
      122, 
      122, 
      122, 
      122, 
      122, 
      122, 
      123
    ]
  }, 
  "reason": "COB: 0, Dev: -11, BGI: 0.5, ISF: 90, Target: 115; Eventual BG 112 < 115, 30m@-0.500 = -0.250 < req -0.06666666666666667-0.15", 
  "rate": 0.0, 
  "COB": 0, 
  "eventualBG": 112, 
  "timestamp": "2016-10-13T04:22:16.507353", 
  "duration": 29, 
  "tick": "+7", 
  "IOB": -0.182
}