{
  "bg": 123, 
  "temp": "absolute", 
  "snoozeBG": 111, 
  "recieved": true, 
  "predBGs": {
    "IOB": [
      123, 
      120, 
      118, 
      115, 
      113, 
      111, 
      110, 
      109, 
      108, 
      107, 
      107, 
      107, 
      108, 
      108, 
      109, 
      109, 
      110, 
      111, 
      112, 
      113, 
      114, 
      115, 
      116, 
      117, 
      118, 
      119, 
      120, 
      120, 
      121, 
      122, 
      122, 
      122, 
      123, 
      123, 
      123, 
      124
    ]
  }, 
  "reason": "COB: 0, Dev: -11, BGI: -1.2, ISF: 86, Target: 112; Eventual BG 111 < 112, 22m@-0.525 = -0.193 < req -0.023337222870478413-0.1575", 
  "rate": 0.45, 
  "COB": 0, 
  "eventualBG": 111, 
  "timestamp": "2016-10-12T05:25:37.225918", 
  "duration": 30, 
  "tick": -3, 
  "IOB": 0.012
}