{
  "bg": 93, 
  "temp": "absolute", 
  "snoozeBG": 74, 
  "recieved": true, 
  "predBGs": {
    "aCOB": [
      93, 
      99, 
      105, 
      110, 
      115, 
      120, 
      124, 
      128, 
      132, 
      135, 
      138, 
      140, 
      141, 
      142, 
      142, 
      143, 
      144, 
      145, 
      147, 
      148, 
      149, 
      150, 
      151, 
      152, 
      153, 
      154, 
      155, 
      156, 
      156, 
      157, 
      158, 
      159, 
      159, 
      160, 
      160, 
      161
    ], 
    "IOB": [
      93, 
      90, 
      87, 
      85, 
      83, 
      81, 
      80, 
      80, 
      80, 
      80, 
      81, 
      82, 
      82, 
      83, 
      84, 
      85, 
      86, 
      87, 
      88, 
      89, 
      90, 
      91, 
      92, 
      93, 
      94, 
      95, 
      96, 
      97, 
      98, 
      98, 
      99, 
      100, 
      100, 
      101, 
      101, 
      102, 
      102, 
      102, 
      103
    ]
  }, 
  "reason": "COB: 13, Dev: -3, BGI: -2.73, ISF: 88, Target: 80; Eventual BG 74 < 80, 28m@-0.875 = -0.408 < req -0.13605442176870747-0.2625", 
  "rate": 0.575, 
  "COB": 13, 
  "eventualBG": 74, 
  "timestamp": "2016-10-13T22:55:25.804540", 
  "duration": 30, 
  "tick": -1, 
  "IOB": 0.178
}